text,category,source
"This product is absolutely amazing! Best purchase I've ever made. Works perfectly and arrived quickly.","Product Review","E-commerce"
"The movie was decent but not great. Some good moments but overall just okay.","Entertainment","Review Site"
"Terrible customer service. They were rude and unhelpful. Complete waste of time!","Customer Service","Support Ticket"
"The weather today is partly cloudy with a high of 75 degrees.","Weather","News Report"
"I love this new restaurant! The food is incredible and the atmosphere is perfect.","Dining","Social Media"
"The software has some bugs but generally works well for basic tasks.","Technology","App Store"
"Absolutely horrible experience! Worst hotel I've ever stayed at. Dirty rooms and broken amenities.","Hospitality","Travel Site"
"The quarterly earnings report shows steady growth in all sectors.","Business","Financial News"
"Just finished reading an amazing book! Couldn't put it down. Highly recommend to everyone.","Literature","Book Review"
"The presentation was informative and covered all the key topics thoroughly.","Education","Training Feedback"
"Disappointed with the delayed delivery. Expected better service from this company.","Logistics","Customer Complaint"
"Great concert last night! The band was fantastic and the venue was perfect.","Entertainment","Social Media"
"The new policy changes will be implemented starting next month.","Corporate","Internal Memo"
"This coffee shop makes the best latte in town! Always fresh and perfectly prepared.","Food & Beverage","Review Platform"
"The technical documentation needs improvement. Some sections are unclear and confusing.","Technical","Internal Feedback"
"Wonderful vacation! The beaches were beautiful and the weather was perfect all week.","Travel","Blog Post"
"The meeting was productive and we made good progress on the project milestones.","Business","Meeting Notes"
"Poor quality control on this batch. Several items were defective upon arrival.","Manufacturing","Quality Report"
"Excited about the new features in this app update! Much better user interface.","Technology","App Review"
"The course material was comprehensive but the pace was too fast for beginners.","Education","Course Evaluation"
"Outstanding customer support! They resolved my issue quickly and professionally.","Customer Service","Support Review"
"The market analysis indicates potential opportunities in emerging sectors.","Finance","Research Report"
"Disappointing sequel. The original was much better. Poor character development.","Entertainment","Movie Review"
"The new employee orientation program is well-structured and informative.","HR","Training Review"
"Fantastic service at this auto repair shop! Fair prices and honest mechanics.","Automotive","Local Review"
"The research methodology appears sound but the sample size seems insufficient.","Academic","Peer Review"
"Love the new design of the website! Much more user-friendly and visually appealing.","Web Design","User Feedback"
"The flight was delayed by three hours due to mechanical issues.","Transportation","Travel Complaint"
"Excellent presentation skills! Very engaging and the content was well-organized.","Professional","Performance Review"
"The product packaging was damaged during shipping but the item inside was fine.","Shipping","Delivery Feedback" 